-- MySQL dump 10.13  Distrib 8.0.19, for Win64 (x86_64)
--
-- Host: localhost    Database: config
-- ------------------------------------------------------
-- Server version	8.0.36

/*!40101 SET @OLD_CHARACTER_SET_CLIENT=@@CHARACTER_SET_CLIENT */;
/*!40101 SET @OLD_CHARACTER_SET_RESULTS=@@CHARACTER_SET_RESULTS */;
/*!40101 SET @OLD_COLLATION_CONNECTION=@@COLLATION_CONNECTION */;
/*!50503 SET NAMES utf8mb4 */;
/*!40103 SET @OLD_TIME_ZONE=@@TIME_ZONE */;
/*!40103 SET TIME_ZONE='+00:00' */;
/*!40014 SET @OLD_UNIQUE_CHECKS=@@UNIQUE_CHECKS, UNIQUE_CHECKS=0 */;
/*!40014 SET @OLD_FOREIGN_KEY_CHECKS=@@FOREIGN_KEY_CHECKS, FOREIGN_KEY_CHECKS=0 */;
/*!40101 SET @OLD_SQL_MODE=@@SQL_MODE, SQL_MODE='NO_AUTO_VALUE_ON_ZERO' */;
/*!40111 SET @OLD_SQL_NOTES=@@SQL_NOTES, SQL_NOTES=0 */;

--
-- Table structure for table `attribute`
--

DROP TABLE IF EXISTS `attribute`;
/*!40101 SET @saved_cs_client     = @@character_set_client */;
/*!50503 SET character_set_client = utf8mb4 */;
CREATE TABLE `attribute` (
  `ID` bigint NOT NULL AUTO_INCREMENT,
  `CREATED_AT` datetime(6) NOT NULL,
  `DELETED` bit(1) NOT NULL,
  `MODIFIED_AT` datetime(6) DEFAULT NULL,
  `VERSION_LOCK` int NOT NULL,
  `NAME` varchar(255) CHARACTER SET utf8mb4 COLLATE utf8mb4_0900_ai_ci NOT NULL,
  `ATTRIBUTE_TYPE` bigint NOT NULL,
  PRIMARY KEY (`ID`),
  KEY `FKjqdgoqgwiii6i5ovfy929r9g` (`ATTRIBUTE_TYPE`),
  CONSTRAINT `FKjqdgoqgwiii6i5ovfy929r9g` FOREIGN KEY (`ATTRIBUTE_TYPE`) REFERENCES `attribute_type` (`ID`)
) ENGINE=InnoDB AUTO_INCREMENT=282 DEFAULT CHARSET=utf8mb4 COLLATE=utf8mb4_0900_ai_ci;
/*!40101 SET character_set_client = @saved_cs_client */;

--
-- Dumping data for table `attribute`
--

LOCK TABLES `attribute` WRITE;
/*!40000 ALTER TABLE `attribute` DISABLE KEYS */;
INSERT INTO `attribute` VALUES (1,'2023-02-03 08:51:28.492775',0x00,'2023-05-19 11:50:12.842498',3,'API_BASE_URI',1),(2,'2023-02-03 08:51:28.492775',0x00,'2023-02-03 08:51:28.492775',1,'ATTENDANCE',2),(3,'2023-02-03 08:51:28.492775',0x00,'2023-02-03 08:51:28.492775',1,'BASE',1),(4,'2023-02-03 08:51:28.492775',0x00,'2023-02-03 08:51:28.492775',1,'AUTH',2),(5,'2023-02-03 08:51:28.492775',0x00,'2023-02-03 08:51:28.492775',1,'BOM',2),(6,'2023-02-03 08:51:28.492775',0x00,'2023-02-03 08:51:28.492775',1,'SEMIFINISHED_MATERIALS',2),(7,'2023-02-03 08:51:28.492775',0x00,'2023-02-03 08:51:28.492775',1,'ROADMAPS',2),(8,'2023-02-03 08:51:28.492775',0x00,'2023-02-03 08:51:28.492775',1,'MATERIALS',2),(9,'2023-02-03 08:51:28.492775',0x00,'2023-02-03 08:51:28.492775',1,'PARAMETERS',2),(10,'2023-02-03 08:51:28.492775',0x00,'2023-02-03 08:51:28.492775',1,'MACHINE_MATERIALS',2),(11,'2023-02-03 08:51:28.492775',0x00,'2023-02-03 08:51:28.492775',1,'PROCESSES',2),(12,'2023-02-03 08:51:28.492775',0x00,'2023-02-03 08:51:28.492775',1,'CERTIFICATIONS',2),(13,'2023-02-03 08:51:28.492775',0x00,'2023-02-03 08:51:28.492775',1,'DEMOS',2),(14,'2023-02-03 08:51:28.492775',0x00,'2023-02-03 08:51:28.492775',1,'DOCUMENT_MANAGER',2),(15,'2023-02-03 08:51:28.492775',0x00,'2023-02-03 08:51:28.492775',1,'FILES',2),(16,'2023-02-03 08:51:28.492775',0x00,'2023-02-03 08:51:28.492775',1,'ROOT_PATH_BASE',1),(17,'2023-02-03 08:51:28.492775',0x00,'2023-02-03 08:51:28.492775',1,'LAUNCHER_URL',1),(18,'2023-02-03 08:51:28.492775',0x00,'2023-02-03 08:51:28.492775',1,'LEADS',2),(19,'2023-02-03 08:51:28.492775',0x00,'2023-02-03 08:51:28.492775',1,'LOGIN',2),(20,'2023-02-03 08:51:28.492775',0x00,'2023-02-03 08:51:28.492775',1,'REDIRECT',1),(21,'2023-02-03 08:51:28.492775',0x00,'2023-02-03 08:51:28.492775',1,'AUTH_LDAP_URI',1),(22,'2023-02-03 08:51:28.492775',0x00,'2023-02-03 08:51:28.492775',1,'BG_IMG',1),(23,'2023-02-03 08:51:28.492775',0x00,'2023-02-03 08:51:28.492775',1,'AUTH_URI',1),(24,'2023-02-03 08:51:28.492775',0x00,'2023-02-03 08:51:28.492775',1,'COMPANY_IMG',1),(25,'2023-02-03 08:51:28.492775',0x00,'2023-02-03 08:51:28.492775',1,'LOGIN_URL',1),(26,'2023-02-03 08:51:28.492775',0x00,'2023-02-03 08:51:28.492775',1,'NOTIFICATIONS',2),(27,'2023-02-03 08:51:28.492775',0x00,'2023-02-03 08:51:28.492775',1,'ORCHESTRATOR',2),(28,'2023-02-03 08:51:28.492775',0x00,'2023-02-03 08:51:28.492775',1,'CLIENTID',3),(29,'2023-02-03 08:51:28.492775',0x00,'2023-02-03 08:51:28.492775',1,'REJECTIONS',2),(31,'2023-02-03 08:51:28.492775',0x00,'2023-02-03 08:51:28.492775',1,'MAF_API',1),(32,'2023-02-03 08:51:28.492775',0x00,'2023-02-03 08:51:28.492775',1,'REPORTS',2),(33,'2023-02-03 08:51:28.492775',0x00,'2023-02-03 08:51:28.492775',1,'REPORTING',2),(34,'2023-02-03 08:51:28.492775',0x00,'2023-02-03 08:51:28.492775',1,'REQUEST_TIMEOUT',1),(35,'2023-02-03 08:51:28.492775',0x00,'2023-02-03 08:51:28.492775',1,'SCHEDULER',2),(36,'2023-02-03 08:51:28.492775',0x00,'2023-02-03 08:51:28.492775',1,'SOCKETS',2),(37,'2023-02-03 08:51:28.492775',0x00,'2023-02-03 08:51:28.492775',1,'NOTIFIER',1),(38,'2023-02-03 08:51:28.492775',0x00,'2023-02-03 08:51:28.492775',1,'UPDATE',1),(39,'2023-02-03 08:51:28.492775',0x00,'2023-02-03 08:51:28.492775',1,'WORK_ORDER',2),(40,'2023-02-03 08:51:28.492775',0x00,'2023-02-03 08:51:28.492775',1,'countries',2),(41,'2023-02-03 08:51:28.492775',0x00,'2023-02-03 08:51:28.492775',1,'api',1),(42,'2023-02-03 08:51:28.492775',0x00,'2023-02-03 08:51:28.492775',1,'vt',2),(43,'2023-02-03 08:51:28.492775',0x00,'2023-02-03 08:51:28.492775',1,'demo',2),(44,'2023-02-03 08:51:28.492775',0x00,'2023-02-03 08:51:28.492775',1,'showProduction',4),(45,'2023-02-03 08:51:28.492775',0x00,'2023-02-03 08:51:28.492775',1,'showProductionLine',4),(46,'2023-02-03 08:51:28.492775',0x00,'2023-02-03 08:51:28.492775',1,'showNeeds',4),(47,'2023-02-03 08:51:28.492775',0x00,'2023-02-03 08:51:28.492775',1,'showDowntime',4),(48,'2023-02-03 08:51:28.492775',0x00,'2023-02-03 08:51:28.492775',1,'newItem',2),(49,'2023-02-03 08:51:28.492775',0x00,'2023-02-03 08:51:28.492775',1,'closeOnAdd',4),(50,'2023-02-03 08:51:28.492775',0x00,'2023-02-03 08:51:28.492775',1,'redirectDashboardOnClose',4),(51,'2023-02-03 08:51:28.492775',0x00,'2023-02-03 08:51:28.492775',1,'redirectDashboardOnAdd',4),(52,'2023-02-03 08:51:28.492775',0x00,'2023-02-03 08:51:28.492775',1,'editableNewItemCode',4),(53,'2023-02-03 08:51:28.492775',0x00,'2023-02-03 08:51:28.492775',1,'assistent',2),(54,'2023-02-03 08:51:28.492775',0x00,'2023-02-03 08:51:28.492775',1,'dialogOnStart',1),(55,'2023-02-03 08:51:28.492775',0x00,'2023-02-03 08:51:28.492775',1,'menubar',2),(56,'2023-02-03 08:51:28.492775',0x00,'2023-02-03 08:51:28.492775',1,'showListOffers',4),(57,'2023-02-03 08:51:28.492775',0x00,'2023-02-03 08:51:28.492775',1,'showReports',4),(58,'2023-02-03 08:51:28.492775',0x00,'2023-02-03 08:51:28.492775',1,'showTracking',2),(59,'2023-02-03 08:51:28.492775',0x00,'2023-02-03 08:51:28.492775',1,'indirectReport',4),(60,'2023-02-03 08:51:28.492775',0x00,'2023-02-03 08:51:28.492775',1,'activityReport',4),(61,'2023-02-03 08:51:28.492775',0x00,'2023-02-03 08:51:28.492775',1,'productionOfOverview',4),(62,'2023-02-03 08:51:28.492775',0x00,'2023-02-03 08:51:28.492775',1,'stopsReport',4),(63,'2023-02-03 08:51:28.492775',0x00,'2023-02-03 08:51:28.492775',1,'breaksReport',4),(64,'2023-02-03 08:51:28.492775',0x00,'2023-02-03 08:51:28.492775',1,'showProductionMenu',2),(65,'2023-02-03 08:51:28.492775',0x00,'2023-02-03 08:51:28.492775',1,'productionOf',4),(66,'2023-02-03 08:51:28.492775',0x00,'2023-02-03 08:51:28.492775',1,'productionOt',4),(67,'2023-02-03 08:51:28.492775',0x00,'2023-02-03 08:51:28.492775',1,'showToolsMenu',2),(68,'2023-02-03 08:51:28.492775',0x00,'2023-02-03 08:51:28.492775',1,'showGenerator',4),(69,'2023-02-03 08:51:28.492775',0x00,'2023-02-03 08:51:28.492775',1,'showGeneratorRecursive',4),(70,'2023-02-03 08:51:28.492775',0x00,'2023-02-03 08:51:28.492775',1,'showSecuencer',4),(71,'2023-02-03 08:51:28.492775',0x00,'2023-02-03 08:51:28.492775',1,'showOldSecuencer',4),(72,'2023-02-03 08:51:28.492775',0x00,'2023-02-03 08:51:28.492775',1,'showScheduler',4),(73,'2023-02-03 08:51:28.492775',0x00,'2023-02-03 08:51:28.492775',1,'showWorkReport',2),(74,'2023-02-03 08:51:28.492775',0x00,'2023-02-03 08:51:28.492775',1,'showWeekly',4),(75,'2023-02-03 08:51:28.492775',0x00,'2023-02-03 08:51:28.492775',1,'showMonthly',4),(76,'2023-02-03 08:51:28.492775',0x00,'2023-02-03 08:51:28.492775',1,'showReportLog',4),(77,'2023-02-03 08:51:28.492775',0x00,'2023-02-03 08:51:28.492775',1,'showMassiveLoad',4),(78,'2023-02-03 08:51:28.492775',0x00,'2023-02-03 08:51:28.492775',1,'showCloseMonth',4),(79,'2023-02-03 08:51:28.492775',0x00,'2023-02-03 08:51:28.492775',1,'dashboard',2),(80,'2023-02-03 08:51:28.492775',0x00,'2023-02-03 08:51:28.492775',1,'lead',2),(81,'2023-02-03 08:51:28.492775',0x00,'2023-02-03 08:51:28.492775',1,'budget',2),(82,'2023-02-03 08:51:28.492775',0x00,'2023-02-03 08:51:28.492775',1,'summaryComplete',4),(83,'2023-02-03 08:51:28.492775',0x00,'2023-02-03 08:51:28.492775',1,'machineTab',4),(84,'2023-02-03 08:51:28.492775',0x00,'2023-02-03 08:51:28.492775',1,'auxiliarsTab',4),(85,'2023-02-03 08:51:28.492775',0x00,'2023-02-03 08:51:28.492775',1,'resourcesTab',4),(86,'2023-02-03 08:51:28.492775',0x00,'2023-02-03 08:51:28.492775',1,'risksTab',4),(87,'2023-02-03 08:51:28.492775',0x00,'2023-02-03 08:51:28.492775',1,'interventionsTab',4),(88,'2023-02-03 08:51:28.492775',0x00,'2023-02-03 08:51:28.492775',1,'travelsTab',4),(89,'2023-02-03 08:51:28.492775',0x00,'2023-02-03 08:51:28.492775',1,'schedulingTab',4),(90,'2023-02-03 08:51:28.492775',0x00,'2023-02-03 08:51:28.492775',1,'materialsTab',4),(91,'2023-02-03 08:51:28.492775',0x00,'2023-02-03 08:51:28.492775',1,'externalsTab',4),(92,'2023-02-03 08:51:28.492775',0x00,'2023-02-03 08:51:28.492775',1,'validation',2),(93,'2023-02-03 08:51:28.492775',0x00,'2023-02-03 08:51:28.492775',1,'order',2),(94,'2023-02-03 08:51:28.492775',0x00,'2023-02-03 08:51:28.492775',1,'orderOT',2),(95,'2023-02-03 08:51:28.492775',0x00,'2023-02-03 08:51:28.492775',1,'createOrderMaxItems',3),(96,'2023-02-03 08:51:28.492775',0x00,'2023-02-03 08:51:28.492775',1,'isCreateOrderParallel',4),(97,'2023-02-03 08:51:28.492775',0x00,'2023-02-03 08:51:28.492775',1,'modeling',2),(98,'2023-02-03 08:51:28.492775',0x00,'2023-02-03 08:51:28.492775',1,'showWorkstations',4),(99,'2023-02-03 08:51:28.492775',0x00,'2023-02-03 08:51:28.492775',1,'showGuidelines',4),(100,'2023-02-03 08:51:28.492775',0x00,'2023-02-03 08:51:28.492775',1,'showMaterials',4),(101,'2023-02-03 08:51:28.492775',0x00,'2023-02-03 08:51:28.492775',1,'showDimensions',4),(102,'2023-02-03 08:51:28.492775',0x00,'2023-02-03 08:51:28.492775',1,'showTools',4),(103,'2023-02-03 08:51:28.492775',0x00,'2023-02-03 08:51:28.492775',1,'enableDeviation',4),(104,'2023-02-03 08:51:28.492775',0x00,'2023-02-03 08:51:28.492775',1,'assignment',2),(105,'2023-02-03 08:51:28.492775',0x00,'2023-02-03 08:51:28.492775',1,'autosequence',4),(106,'2023-02-03 08:51:28.492775',0x00,'2023-02-03 08:51:28.492775',1,'scheduler',2),(107,'2023-02-03 08:51:28.492775',0x00,'2023-02-03 08:51:28.492775',1,'showOperators',4),(108,'2023-02-03 08:51:28.492775',0x00,'2023-02-03 08:51:28.492775',1,'sequencer',2),(109,'2023-02-03 08:51:28.492775',0x00,'2023-02-03 08:51:28.492775',1,'defaultDatesRange',1),(110,'2023-02-03 08:51:28.492775',0x00,'2023-02-03 08:51:28.492775',1,'itemsLoaded',3),(111,'2023-02-03 08:51:28.492775',0x00,'2023-02-03 08:51:28.492775',1,'entirePieces',4),(112,'2023-02-03 08:51:28.492775',0x00,'2023-02-03 08:51:28.492775',1,'autoAdjust',4),(113,'2023-02-03 08:51:28.492775',0x00,'2023-02-03 08:51:28.492775',1,'machinesAutoScroll',4),(114,'2023-02-03 08:51:28.492775',0x00,'2023-02-03 08:51:28.492775',1,'productionAutoadvance',4),(115,'2023-02-03 08:51:28.492775',0x00,'2023-02-03 08:51:28.492775',1,'ofGenerator',2),(116,'2023-02-03 08:51:28.492775',0x00,'2023-02-03 08:51:28.492775',1,'increaseItemCode',4),(117,'2023-02-03 08:51:28.492775',0x00,'2023-02-03 08:51:28.492775',1,'manufacturing',2),(118,'2023-02-03 08:51:28.492775',0x00,'2023-02-03 08:51:28.492775',1,'scrappedReportedInProduction',4),(119,'2023-02-03 08:51:28.492775',0x00,'2023-02-03 08:51:28.492775',1,'createSplitFromRemainingPieces',4),(120,'2023-02-03 08:51:28.492775',0x00,'2023-02-03 08:51:28.492775',1,'splitMachineMode',1),(121,'2023-02-03 08:51:28.492775',0x00,'2023-02-03 08:51:28.492775',1,'showTurns',4),(122,'2023-02-03 08:51:28.492775',0x00,'2023-02-03 08:51:28.492775',1,'enableBatchAllRouteSteps',4),(123,'2023-02-03 08:51:28.492775',0x00,'2023-02-03 08:51:28.492775',1,'phase',2),(124,'2023-02-03 08:51:28.492775',0x00,'2023-02-03 08:51:28.492775',1,'overviewTab',4),(125,'2023-02-03 08:51:28.492775',0x00,'2023-02-03 08:51:28.492775',1,'activityTab',4),(126,'2023-02-03 08:51:28.492775',0x00,'2023-02-03 08:51:28.492775',1,'consumablesTab',4),(127,'2023-02-03 08:51:28.492775',0x00,'2023-02-03 08:51:28.492775',1,'processesTab',4),(128,'2023-02-03 08:51:28.492775',0x00,'2023-02-03 08:51:28.492775',1,'outputsTab',4),(129,'2023-02-03 08:51:28.492775',0x00,'2023-02-03 08:51:28.492775',1,'indirectTab',4),(130,'2023-02-03 08:51:28.492775',0x00,'2023-02-03 08:51:28.492775',1,'scrapsTab',4),(132,'2023-02-03 08:51:28.492775',0x00,'2023-02-03 08:51:28.492775',1,'dimensionsTab',4),(133,'2023-02-03 08:51:28.492775',0x00,'2023-02-03 08:51:28.492775',1,'guidelinesTab',4),(134,'2023-02-03 08:51:28.492775',0x00,'2023-02-03 08:51:28.492775',1,'microstopsTab',4),(135,'2023-02-03 08:51:28.492775',0x00,'2023-02-03 08:51:28.492775',1,'costTab',4),(136,'2023-02-03 08:51:28.492775',0x00,'2023-02-03 08:51:28.492775',1,'operatorPanelOf',2),(137,'2023-02-03 08:51:28.492775',0x00,'2023-02-03 08:51:28.492775',1,'customFieldsTab',4),(138,'2023-02-03 08:51:28.492775',0x00,'2023-02-03 08:51:28.492775',1,'toolsTab',4),(139,'2023-02-03 08:51:28.492775',0x00,'2023-02-03 08:51:28.492775',1,'workstationParamsTab',4),(140,'2023-02-03 08:51:28.492775',0x00,'2023-02-03 08:51:28.492775',1,'comentsTab',4),(141,'2023-02-03 08:51:28.492775',0x00,'2023-02-03 08:51:28.492775',1,'documentsTab',4),(142,'2023-02-03 08:51:28.492775',0x00,'2023-02-03 08:51:28.492775',1,'carousel',2),(143,'2023-02-03 08:51:28.492775',0x00,'2023-02-03 08:51:28.492775',1,'chart',4),(144,'2023-02-03 08:51:28.492775',0x00,'2023-02-03 08:51:28.492775',1,'plan',4),(145,'2023-02-03 08:51:28.492775',0x00,'2023-02-03 08:51:28.492775',1,'kpi',4),(146,'2023-02-03 08:51:28.492775',0x00,'2023-02-03 08:51:28.492775',1,'observations',4),(147,'2023-02-03 08:51:28.492775',0x00,'2023-02-03 08:51:28.492775',1,'instructions',4),(148,'2023-02-03 08:51:28.492775',0x00,'2023-02-03 08:51:28.492775',1,'configIndicators',4),(149,'2023-02-03 08:51:28.492775',0x00,'2023-02-03 08:51:28.492775',1,'weighingScales',6),(150,'2023-02-03 08:51:28.492775',0x00,'2023-02-03 08:51:28.492775',1,'id',3),(151,'2023-02-03 08:51:28.492775',0x00,'2023-02-03 08:51:28.492775',1,'name',1),(152,'2023-02-03 08:51:28.492775',0x00,'2023-02-03 08:51:28.492775',1,'materialsTabColors',2),(153,'2023-02-03 08:51:28.492775',0x00,'2023-02-03 08:51:28.492775',1,'selectedRowColor',1),(154,'2023-02-03 08:51:28.492775',0x00,'2023-02-03 08:51:28.492775',1,'quantityIconColor',1),(155,'2023-02-03 08:51:28.492775',0x00,'2023-02-03 08:51:28.492775',1,'invalidQuantityColor',1),(156,'2023-02-03 08:51:28.492775',0x00,'2023-02-03 08:51:28.492775',1,'operatorsGroup',3),(157,'2023-02-03 08:51:28.492775',0x00,'2023-02-03 08:51:28.492775',1,'dimensionsFamily',3),(158,'2023-02-03 08:51:28.492775',0x00,'2023-02-03 08:51:28.492775',1,'itemFieldsDescriptionIds',7),(159,'2023-02-03 08:51:28.492775',0x00,'2023-02-03 08:51:28.492775',1,'dimensionsDefaultType',3),(160,'2023-02-03 08:51:28.492775',0x00,'2023-02-03 08:51:28.492775',1,'outputsDefaultQuantity',3),(161,'2023-02-03 08:51:28.492775',0x00,'2023-02-03 08:51:28.492775',1,'exceedingWorkOrderLimit',4),(162,'2023-02-03 08:51:28.492775',0x00,'2023-02-03 08:51:28.492775',1,'sumaryOnPause',4),(163,'2023-02-03 08:51:28.492775',0x00,'2023-02-03 08:51:28.492775',1,'sumaryOnStop',4),(164,'2023-02-03 08:51:28.492775',0x00,'2023-02-03 08:51:28.492775',1,'barcodeClient',1),(165,'2023-02-03 08:51:28.492775',0x00,'2023-02-03 08:51:28.492775',1,'enableInputAllMaterial',4),(166,'2023-02-03 08:51:28.492775',0x00,'2023-02-03 08:51:28.492775',1,'fullCard',4),(167,'2023-02-03 08:51:28.492775',0x00,'2023-02-03 08:51:28.492775',1,'loadLastOperator',4),(168,'2023-02-03 08:51:28.492775',0x00,'2023-02-03 08:51:28.492775',1,'loadLastSplit',4),(169,'2023-02-03 08:51:28.492775',0x00,'2023-02-03 08:51:28.492775',1,'showMaterialsCode',4),(170,'2023-02-03 08:51:28.492775',0x00,'2023-02-03 08:51:28.492775',1,'showAllDimensions',4),(171,'2023-02-03 08:51:28.492775',0x00,'2023-02-03 08:51:28.492775',1,'ofPickerDebounceTime',3),(172,'2023-02-03 08:51:28.492775',0x00,'2023-02-03 08:51:28.492775',1,'groupedIndirects',4),(173,'2023-02-03 08:51:28.492775',0x00,'2023-02-03 08:51:28.492775',1,'groupedBreaks',4),(174,'2023-02-03 08:51:28.492775',0x00,'2023-02-03 08:51:28.492775',1,'operatorMultipleOrdersWarning',4),(175,'2023-02-03 08:51:28.492775',0x00,'2023-02-03 08:51:28.492775',1,'disablePanelOnPause',4),(176,'2023-02-03 08:51:28.492775',0x00,'2023-02-03 08:51:28.492775',1,'logo',1),(177,'2023-02-03 08:51:28.492775',0x00,'2023-02-03 08:51:28.492775',1,'fullCardFields',2),(178,'2023-02-03 08:51:28.492775',0x00,'2023-02-03 08:51:28.492775',1,'showClient',4),(179,'2023-02-03 08:51:28.492775',0x00,'2023-02-03 08:51:28.492775',1,'showTags',4),(180,'2023-02-03 08:51:28.492775',0x00,'2023-02-03 08:51:28.492775',1,'showProdUnits',4),(181,'2023-02-03 08:51:28.492775',0x00,'2023-02-03 08:51:28.492775',1,'showProdTime',4),(182,'2023-02-03 08:51:28.492775',0x00,'2023-02-03 08:51:28.492775',1,'showBar',4),(183,'2023-02-03 08:51:28.492775',0x00,'2023-02-03 08:51:28.492775',1,'showItemFields',4),(184,'2023-02-03 08:51:28.492775',0x00,'2023-02-03 08:51:28.492775',1,'showFinishedMaterials',4),(185,'2023-02-03 08:51:28.492775',0x00,'2023-02-03 08:51:28.492775',1,'autoMaterialOnFinish',1),(186,'2023-02-03 08:51:28.492775',0x00,'2023-02-03 08:51:28.492775',1,'operatorPickerOnOpen',4),(187,'2023-02-03 08:51:28.492775',0x00,'2023-02-03 08:51:28.492775',1,'batchValidationFuco',4),(188,'2023-02-03 08:51:28.492775',0x00,'2023-02-03 08:51:28.492775',1,'enabledPausedPanelTabs',2),(190,'2023-02-03 08:51:28.492775',0x00,'2023-02-03 08:51:28.492775',1,'enabledStoppedPanelTabs',2),(191,'2023-02-03 08:51:28.492775',0x00,'2023-02-03 08:51:28.492775',1,'disableRequiredQuantityValidation',4),(192,'2023-02-03 08:51:28.492775',0x00,'2023-02-03 08:51:28.492775',1,'disableNoRequiredMaterialsQuantityValidation',4),(193,'2023-02-03 08:51:28.492775',0x00,'2023-02-03 08:51:28.492775',1,'strictTolerance',4),(194,'2023-02-03 08:51:28.492775',0x00,'2023-02-03 08:51:28.492775',1,'enableOFsTree',4),(195,'2023-02-03 08:51:28.492775',0x00,'2023-02-03 08:51:28.492775',1,'indicators',10),(197,'2023-02-03 08:51:28.492775',0x00,'2023-02-03 08:51:28.492775',1,'operatorPanelOt',2),(198,'2023-02-03 08:51:28.492775',0x00,'2023-02-03 08:51:28.492775',1,'quality',2),(199,'2023-02-03 08:51:28.492775',0x00,'2023-02-03 08:51:28.492775',1,'tabBlueTest',4),(200,'2023-02-03 08:51:28.492775',0x00,'2023-02-03 08:51:28.492775',1,'tabDimensions',4),(201,'2023-02-03 08:51:28.492775',0x00,'2023-02-03 08:51:28.492775',1,'tabGuidelines',4),(202,'2023-02-03 08:51:28.492775',0x00,'2023-02-03 08:51:28.492775',1,'configIndicators',4),(203,'2023-02-03 08:51:28.492775',0x00,'2023-02-03 08:51:28.492775',1,'gmao',2),(204,'2023-02-03 08:51:28.492775',0x00,'2023-02-03 08:51:28.492775',1,'newTask',1),(205,'2023-02-03 08:51:28.492775',0x00,'2023-02-03 08:51:28.492775',1,'history',1),(206,'2023-02-03 08:51:28.492775',0x00,'2023-02-03 08:51:28.492775',1,'skipMap',4),(207,'2023-02-03 08:51:28.492775',0x00,'2023-02-03 08:51:28.492775',1,'mrFactoryId',3),(208,'2023-02-03 08:51:28.492775',0x00,'2023-02-03 08:51:28.492775',1,'directory',1),(209,'2023-02-03 08:51:28.492775',0x00,'2023-02-03 08:51:28.492775',1,'priorityTagIds',7),(210,'2023-02-03 08:51:28.492775',0x00,'2023-02-03 08:51:28.492775',1,'PLAY_PAUSE',4),(211,'2023-02-03 08:51:28.492775',0x00,'2023-02-03 08:51:28.492775',1,'MASIVE_IMPUTATION',4),(212,'2023-02-03 08:51:28.492775',0x00,'2023-02-03 08:51:28.492775',1,'CONTACT_INFO_REQUIRED',4),(213,'2023-02-03 08:51:28.492775',0x00,'2023-02-03 08:51:28.492775',1,'MAINTENANCE_REQUEST_DEFAULT_USER_DISABLED',4),(214,'2023-02-03 08:51:28.492775',0x00,'2023-02-03 08:51:28.492775',1,'MAINTENANCE_REQUEST_DESCRIPTION_BLOCK',4),(215,'2023-02-03 08:51:28.492775',0x00,'2023-02-03 08:51:28.492775',1,'NEW_TASK_AUTOASSIGN',4),(216,'2023-02-03 08:51:28.492775',0x00,'2023-02-03 08:51:28.492775',1,'HIDE_IMPUTATION_BUTTONS',4),(217,'2023-02-03 08:51:28.492775',0x00,'2023-02-03 08:51:28.492775',1,'WITH_COORDINATES',4),(218,'2023-02-03 08:51:28.492775',0x00,'2023-02-03 08:51:28.492775',1,'dateHour',3),(219,'2023-02-03 08:51:28.492775',0x00,'2023-02-03 08:51:28.492775',1,'FILTER_ASSETS_TYPES',6),(220,'2023-02-03 08:51:28.492775',0x00,'2023-02-03 08:51:28.492775',1,'rolesIds',7),(221,'2023-02-03 08:51:28.492775',0x00,'2023-02-03 08:51:28.492775',1,'app_id',3),(222,'2023-02-03 08:51:28.492775',0x00,'2023-02-03 08:51:28.492775',1,'launcher_id',3),(223,'2023-02-03 08:51:28.492775',0x00,'2023-02-03 08:51:28.492775',1,'showRolesTab',4),(224,'2023-02-03 08:51:28.492775',0x00,'2023-02-03 08:51:28.492775',1,'showAssignmentGroups',4),(225,'2023-02-03 08:51:28.492775',0x00,'2023-02-03 08:51:28.492775',1,'mf',2),(226,'2023-02-03 08:51:28.492775',0x00,'2023-02-03 08:51:28.492775',1,'isSGAInstalled',4),(227,'2023-02-03 08:51:28.492775',0x00,'2023-02-03 08:51:28.492775',1,'allowedUserGroupId',3),(228,'2023-02-03 08:51:28.492775',0x00,'2023-02-03 08:51:28.492775',1,'digitalPeople',2),(229,'2023-02-03 08:51:28.492775',0x00,'2023-02-03 08:51:28.492775',1,'settlement',2),(230,'2023-02-03 08:51:28.492775',0x00,'2023-02-03 08:51:28.492775',1,'dateRange',1),(231,'2023-02-03 08:51:28.492775',0x00,'2023-02-03 08:51:28.492775',1,'sam',2),(232,'2023-02-03 08:51:28.492775',0x00,'2023-02-03 08:51:28.492775',1,'workControlTypeId',3),(233,'2023-02-03 08:51:28.492775',0x00,'2023-02-03 08:51:28.492775',1,'clientId',3),(234,'2023-02-03 08:51:28.492775',0x00,'2023-02-03 08:51:28.492775',1,'controlPointId',3),(235,'2023-02-03 08:51:28.492775',0x00,'2023-02-03 08:51:28.492775',1,'mom',2),(236,'2023-02-03 08:51:28.492775',0x00,'2023-02-03 08:51:28.492775',1,'wms',2),(237,'2023-02-03 08:51:28.492775',0x00,'2023-02-03 08:51:28.492775',1,'STOCK_REQUIRED',4),(238,'2023-02-03 08:51:28.492775',0x00,'2023-02-03 08:51:28.492775',1,'SAP_WS',4),(239,'2023-02-03 08:51:28.492775',0x00,'2023-02-03 08:51:28.492775',1,'REQUEST_EDITABLE_UNITS',4),(240,'2023-02-03 08:51:28.492775',0x00,'2023-02-03 08:51:28.492775',1,'PROCESSING_CLOSE_WHEN_PACKED',4),(241,'2023-02-03 08:51:28.492775',0x00,'2023-02-03 08:51:28.492775',1,'PROCESSING_OPTIONS',2),(242,'2023-02-03 08:51:28.492775',0x00,'2023-02-03 08:51:28.492775',1,'WITHOUT_STOCK',5),(243,'2023-02-03 08:51:28.492775',0x00,'2023-02-03 08:51:28.492775',1,'REQUESTED',5),(244,'2023-02-03 08:51:28.492775',0x00,'2023-02-03 08:51:28.492775',1,'RECEIVED',5),(245,'2023-02-03 08:51:28.492775',0x00,'2023-02-03 08:51:28.492775',1,'PACKED',5),(246,'2023-02-03 08:51:28.492775',0x00,'2023-02-03 08:51:28.492775',1,'SHIPPED',5),(247,'2023-02-03 08:51:28.492775',0x00,'2023-02-03 08:51:28.492775',1,'DELIVERED',5),(248,'2023-02-03 08:51:28.492775',0x00,'2023-02-03 08:51:28.492775',1,'DELIVERED_INCOMPLETE',5),(249,'2023-02-03 08:51:28.492775',0x00,'2023-02-03 08:51:28.492775',1,'vtlite',2),(250,'2023-02-03 08:51:28.492775',0x00,'2023-02-03 08:51:28.492775',1,'fuco',2),(251,'2023-02-03 08:51:28.492775',0x00,'2023-02-03 08:51:28.492775',1,'url',1),(252,'2023-02-03 08:51:28.492775',0x00,'2023-02-03 08:51:28.492775',1,'evobus',2),(253,'2023-02-03 08:51:28.492775',0x00,'2023-02-03 08:51:28.492775',1,'_meta',2),(254,'2023-02-03 08:51:28.492775',0x00,'2023-02-03 08:51:28.492775',1,'signature',1),(255,'2023-02-03 08:51:28.492775',0x00,'2023-02-03 08:51:28.492775',1,'version',3),(256,'2023-02-03 08:51:28.492775',0x00,'2023-02-03 08:51:28.492775',1,'type',1),(257,'2023-02-03 08:51:28.492775',0x00,'2023-02-03 08:51:28.492775',1,'use',4),(258,'2023-02-03 08:51:28.492775',0x00,'2023-02-03 08:51:28.492775',1,'launcher',2),(281,'2024-08-05 06:40:53.016104',0x00,'2024-08-05 06:40:53.016104',1,'testR',1);
/*!40000 ALTER TABLE `attribute` ENABLE KEYS */;
UNLOCK TABLES;

--
-- Table structure for table `attribute_type`
--

DROP TABLE IF EXISTS `attribute_type`;
/*!40101 SET @saved_cs_client     = @@character_set_client */;
/*!50503 SET character_set_client = utf8mb4 */;
CREATE TABLE `attribute_type` (
  `ID` bigint NOT NULL AUTO_INCREMENT,
  `CREATED_AT` datetime(6) NOT NULL,
  `DELETED` bit(1) NOT NULL,
  `MODIFIED_AT` datetime(6) DEFAULT NULL,
  `VERSION_LOCK` int NOT NULL,
  `ENUM_DESCRIPTION` varchar(255) DEFAULT NULL,
  `IS_ENUM` bit(1) NOT NULL,
  `IS_LIST` bit(1) NOT NULL,
  `TYPE` varchar(255) CHARACTER SET utf8mb4 COLLATE utf8mb4_0900_ai_ci NOT NULL,
  PRIMARY KEY (`ID`),
  UNIQUE KEY `UIDX_TYPE_IS_LIST_IS_ENUM` (`TYPE`,`IS_LIST`,`IS_ENUM`)
) ENGINE=InnoDB AUTO_INCREMENT=43 DEFAULT CHARSET=utf8mb4 COLLATE=utf8mb4_0900_ai_ci;
/*!40101 SET character_set_client = @saved_cs_client */;

--
-- Dumping data for table `attribute_type`
--

LOCK TABLES `attribute_type` WRITE;
/*!40000 ALTER TABLE `attribute_type` DISABLE KEYS */;
INSERT INTO `attribute_type` VALUES (1,'2023-02-03 08:51:28.492775',0x00,'2023-02-03 08:51:28.492775',1,NULL,0x00,0x00,'STRING'),(2,'2023-02-03 08:51:28.492775',0x00,'2023-02-03 08:51:28.492775',1,NULL,0x00,0x00,'NODE'),(3,'2023-02-03 08:51:28.492775',0x00,'2023-02-03 08:51:28.492775',1,NULL,0x00,0x00,'NUMERIC'),(4,'2023-02-03 08:51:28.492775',0x00,'2023-02-03 08:51:28.492775',1,NULL,0x00,0x00,'BOOLEAN'),(5,'2023-02-03 08:51:28.492775',0x00,'2023-02-03 08:51:28.492775',1,NULL,0x00,0x01,'STRING'),(6,'2023-02-03 08:51:28.492775',0x00,'2023-02-03 08:51:28.492775',1,NULL,0x00,0x01,'NODE'),(7,'2023-02-03 08:51:28.492775',0x00,'2023-02-03 08:51:28.492775',1,NULL,0x00,0x01,'NUMERIC'),(8,'2023-02-03 08:51:28.492775',0x00,'2023-02-03 08:51:28.492775',1,NULL,0x01,0x00,'SPLIT_MACHINE_MODE'),(9,'2023-02-03 08:51:28.492775',0x00,'2023-02-03 08:51:28.492775',1,NULL,0x01,0x00,'DEFAULT_DATA_RANGES'),(10,'2023-02-03 08:51:28.492775',0x00,'2023-02-03 08:51:28.492775',1,NULL,0x01,0x01,'INDICATORS'),(11,'2023-02-03 08:51:28.492775',0x00,'2023-02-03 08:51:28.492775',1,NULL,0x01,0x00,'AUTO_MATERIAL_ON_FINISH'),(12,'2023-02-03 08:51:28.492775',0x00,'2023-02-03 08:51:28.492775',1,NULL,0x01,0x00,'TYPE'),(16,'2023-05-18 11:24:54.730267',0x00,'2023-05-22 11:24:43.670555',2,NULL,0x01,0x00,'ENUM'),(17,'2023-02-03 08:51:28.492775',0x00,'2023-02-03 08:51:28.492775',1,NULL,0x00,0x01,'BOOLEAN'),(20,'2023-06-05 08:52:04.468329',0x00,'2023-06-05 09:25:47.637879',6,NULL,0x01,0x01,'LISTENUM');
/*!40000 ALTER TABLE `attribute_type` ENABLE KEYS */;
UNLOCK TABLES;

--
-- Table structure for table `attribute_type_value`
--

DROP TABLE IF EXISTS `attribute_type_value`;
/*!40101 SET @saved_cs_client     = @@character_set_client */;
/*!50503 SET character_set_client = utf8mb4 */;
CREATE TABLE `attribute_type_value` (
  `ID` bigint NOT NULL AUTO_INCREMENT,
  `CREATED_AT` datetime(6) NOT NULL,
  `DELETED` bit(1) NOT NULL,
  `MODIFIED_AT` datetime(6) DEFAULT NULL,
  `VERSION_LOCK` int NOT NULL,
  `DESCRIPTION` varchar(255) DEFAULT NULL,
  `VALUE` varchar(255) CHARACTER SET utf8mb4 COLLATE utf8mb4_0900_ai_ci NOT NULL,
  `ATTRIBUTE_TYPE` bigint NOT NULL,
  PRIMARY KEY (`ID`),
  KEY `FK3kegaepjp375lrq57bgai04ke` (`ATTRIBUTE_TYPE`),
  CONSTRAINT `FK3kegaepjp375lrq57bgai04ke` FOREIGN KEY (`ATTRIBUTE_TYPE`) REFERENCES `attribute_type` (`ID`)
) ENGINE=InnoDB AUTO_INCREMENT=68 DEFAULT CHARSET=utf8mb4 COLLATE=utf8mb4_0900_ai_ci;
/*!40101 SET character_set_client = @saved_cs_client */;

--
-- Dumping data for table `attribute_type_value`
--

LOCK TABLES `attribute_type_value` WRITE;
/*!40000 ALTER TABLE `attribute_type_value` DISABLE KEYS */;
INSERT INTO `attribute_type_value` VALUES (1,'2023-02-03 08:51:28.492775',0x00,'2023-05-19 10:32:59.789041',2,NULL,'STRICT_SPLITS',8),(2,'2023-02-03 08:51:28.492775',0x00,'2023-02-03 08:51:28.492775',1,NULL,'CANDIDATE_SPLITS',8),(3,'2023-02-03 08:51:28.492775',0x00,'2023-02-03 08:51:28.492775',1,NULL,'ALL_SPLITS ',8),(4,'2023-02-03 08:51:28.492775',0x00,'2023-02-03 08:51:28.492775',1,NULL,'DAY',9),(5,'2023-02-03 08:51:28.492775',0x00,'2023-02-03 08:51:28.492775',1,NULL,'WEEK',9),(6,'2023-02-03 08:51:28.492775',0x00,'2023-02-03 08:51:28.492775',1,NULL,'MONTH',9),(7,'2023-02-03 08:51:28.492775',0x00,'2023-02-03 08:51:28.492775',1,NULL,'SPLIT',10),(8,'2023-02-03 08:51:28.492775',0x00,'2023-05-19 10:31:39.304669',2,NULL,'LAST_HOUR',10),(9,'2023-02-03 08:51:28.492775',0x00,'2023-02-03 08:51:28.492775',1,NULL,'TURN',10),(10,'2023-02-03 08:51:28.492775',0x00,'2023-02-03 08:51:28.492775',1,NULL,'PREV_TURN',10),(11,'2023-02-03 08:51:28.492775',0x00,'2023-02-03 08:51:28.492775',1,NULL,'INDIVIDUAL',11),(12,'2023-02-03 08:51:28.492775',0x00,'2023-02-03 08:51:28.492775',1,NULL,'NONE',11),(13,'2023-02-03 08:51:28.492775',0x00,'2023-02-03 08:51:28.492775',1,NULL,'FACTORY',12),(14,'2023-02-03 08:51:28.492775',0x00,'2023-02-03 08:51:28.492775',1,NULL,'SECTION',12),(15,'2023-02-03 08:51:28.492775',0x00,'2023-02-03 08:51:28.492775',1,NULL,'COMMAND_CENTER',12),(16,'2023-02-03 08:51:28.492775',0x00,'2023-02-03 08:51:28.492775',1,NULL,'PRODUCTION_LINE_GENERIC',12),(17,'2023-02-03 08:51:28.492775',0x00,'2023-02-03 08:51:28.492775',1,NULL,'WORKSTATION_GENERIC',12),(18,'2023-02-03 08:51:28.492775',0x00,'2023-02-03 08:51:28.492775',1,NULL,'MACHINE_GENERIC',12),(19,'2023-02-03 08:51:28.492775',0x00,'2023-02-03 08:51:28.492775',1,NULL,'LUMINARIE',12),(20,'2023-02-03 08:51:28.492775',0x00,'2023-02-03 08:51:28.492775',1,NULL,'TOOL_GENERIC',12),(21,'2023-02-03 08:51:28.492775',0x00,'2023-02-03 08:51:28.492775',1,NULL,'MOLD',12),(22,'2023-02-03 08:51:28.492775',0x00,'2023-02-03 08:51:28.492775',1,NULL,'STEP',10),(23,'2023-02-03 08:51:28.492775',0x00,'2023-02-03 08:51:28.492775',1,NULL,'2',16),(24,'2023-02-03 08:51:28.492775',0x00,'2023-02-03 08:51:28.492775',1,NULL,'3',16);
/*!40000 ALTER TABLE `attribute_type_value` ENABLE KEYS */;
UNLOCK TABLES;

--
-- Table structure for table `config`
--

DROP TABLE IF EXISTS `config`;
/*!40101 SET @saved_cs_client     = @@character_set_client */;
/*!50503 SET character_set_client = utf8mb4 */;
CREATE TABLE `config` (
  `ID` bigint NOT NULL AUTO_INCREMENT,
  `CREATED_AT` datetime(6) NOT NULL,
  `DELETED` bit(1) NOT NULL,
  `MODIFIED_AT` datetime(6) DEFAULT NULL,
  `VERSION_LOCK` int NOT NULL,
  `DESCRIPTION` varchar(255) DEFAULT NULL,
  `IS_CUSTOM` bit(1) NOT NULL,
  `DEFAULT_VALUE` varchar(255) DEFAULT NULL,
  `APPLICATION_NODE` bigint DEFAULT NULL,
  `ATTRIBUTE_ID` bigint NOT NULL,
  `PARENT` bigint DEFAULT NULL,
  PRIMARY KEY (`ID`),
  KEY `FKen78ayfrm6vs2v60bk8h8esm8` (`APPLICATION_NODE`),
  KEY `FKjpjbpgh8p93ayxk1o9frv5qum` (`ATTRIBUTE_ID`),
  KEY `FK7582llcokc62ghpivxurpfykw` (`PARENT`),
  CONSTRAINT `FK7582llcokc62ghpivxurpfykw` FOREIGN KEY (`PARENT`) REFERENCES `config` (`ID`),
  CONSTRAINT `FKen78ayfrm6vs2v60bk8h8esm8` FOREIGN KEY (`APPLICATION_NODE`) REFERENCES `application` (`ID`),
  CONSTRAINT `FKjpjbpgh8p93ayxk1o9frv5qum` FOREIGN KEY (`ATTRIBUTE_ID`) REFERENCES `attribute` (`ID`)
) ENGINE=InnoDB AUTO_INCREMENT=364 DEFAULT CHARSET=utf8mb4 COLLATE=utf8mb4_0900_ai_ci;
/*!40101 SET character_set_client = @saved_cs_client */;

--
-- Dumping data for table `config`
--

LOCK TABLES `config` WRITE;
/*!40000 ALTER TABLE `config` DISABLE KEYS */;
INSERT INTO `config` VALUES (1,'2023-02-03 08:51:28.492775',0x00,'2023-06-06 09:24:10.474083',7,NULL,0x00,'https://desarrollo.emisuite.es',NULL,1,NULL),(2,'2023-02-03 08:51:28.492775',0x00,'2023-02-03 08:51:28.492775',1,NULL,0x00,NULL,NULL,2,NULL),(3,'2023-02-03 08:51:28.492775',0x00,'2023-02-03 08:51:28.492775',1,NULL,0x00,'https://servicios.soincon.es/snc-att-mgt-ws',NULL,3,2),(4,'2023-02-03 08:51:28.492775',0x00,'2023-02-03 08:51:28.492775',1,NULL,0x00,NULL,NULL,4,NULL),(5,'2023-02-03 08:51:28.492775',0x00,'2023-02-03 08:51:28.492775',1,NULL,0x00,'https://desarrollo.emisuite.es/snc-security-ws',NULL,3,4),(6,'2023-02-03 08:51:28.492775',0x00,'2023-02-03 08:51:28.492775',1,NULL,0x00,NULL,NULL,5,NULL),(7,'2023-02-03 08:51:28.492775',0x00,'2023-02-03 08:51:28.492775',1,NULL,0x00,NULL,NULL,6,6),(8,'2023-02-03 08:51:28.492775',0x00,'2023-02-03 08:51:28.492775',1,NULL,0x00,'semi-finished-materials',NULL,3,7),(9,'2023-02-03 08:51:28.492775',0x00,'2023-02-03 08:51:28.492775',1,NULL,0x00,'https://desarrollo.emisuite.es/snc-bom-api',NULL,3,6),(10,'2023-02-03 08:51:28.492775',0x00,'2023-02-03 08:51:28.492775',1,NULL,0x00,NULL,NULL,7,6),(11,'2023-02-03 08:51:28.492775',0x00,'2023-02-03 08:51:28.492775',1,NULL,0x00,'roadmaps',NULL,3,10),(12,'2023-02-03 08:51:28.492775',0x00,'2023-02-03 08:51:28.492775',1,NULL,0x00,NULL,NULL,8,6),(13,'2023-02-03 08:51:28.492775',0x00,'2023-02-03 08:51:28.492775',1,NULL,0x00,'materials',NULL,3,12),(14,'2023-02-03 08:51:28.492775',0x00,'2023-02-03 08:51:28.492775',1,NULL,0x00,NULL,NULL,9,6),(15,'2023-02-03 08:51:28.492775',0x00,'2023-02-03 08:51:28.492775',1,NULL,0x00,'parameters',NULL,3,14),(16,'2023-02-03 08:51:28.492775',0x00,'2023-02-03 08:51:28.492775',1,NULL,0x00,NULL,NULL,10,6),(17,'2023-02-03 08:51:28.492775',0x00,'2023-02-03 08:51:28.492775',1,NULL,0x00,'machine-materials',NULL,3,16),(18,'2023-02-03 08:51:28.492775',0x00,'2023-02-03 08:51:28.492775',1,NULL,0x00,NULL,NULL,11,6),(19,'2023-02-03 08:51:28.492775',0x00,'2023-02-03 08:51:28.492775',1,NULL,0x00,'processes',NULL,3,18),(20,'2023-02-03 08:51:28.492775',0x00,'2023-02-03 08:51:28.492775',1,NULL,0x00,NULL,NULL,12,NULL),(21,'2023-02-03 08:51:28.492775',0x00,'2023-02-03 08:51:28.492775',1,NULL,0x00,'http://192.168.0.11:7070/snc-vt-deck-commercial-api',NULL,3,20),(22,'2023-02-03 08:51:28.492775',0x00,'2023-02-03 08:51:28.492775',1,NULL,0x00,NULL,NULL,13,NULL),(23,'2023-02-03 08:51:28.492775',0x00,'2023-02-03 08:51:28.492775',1,NULL,0x00,'https://desarrollo.soincon.es/snc-visual-tracking-ws',NULL,3,22),(24,'2023-02-03 08:51:28.492775',0x00,'2023-02-03 08:51:28.492775',1,NULL,0x00,NULL,NULL,14,NULL),(26,'2023-02-03 08:51:28.492775',0x00,'2023-02-03 08:51:28.492775',1,NULL,0x00,NULL,NULL,15,24),(27,'2023-02-03 08:51:28.492775',0x00,'2023-02-03 08:51:28.492775',1,NULL,0x00,'files',NULL,3,26),(28,'2023-02-03 08:51:28.492775',0x00,'2023-02-03 08:51:28.492775',1,NULL,0x00,'C:/Program Files/Apache Software Foundation/Tomcat 9.0_SNC.Tomcat9',NULL,16,24),(29,'2023-02-03 08:51:28.492775',0x00,'2023-06-05 07:11:13.187125',2,NULL,0x00,'https://desarrollo.emisuite.es/launcherr',NULL,17,NULL),(30,'2023-02-03 08:51:28.492775',0x00,'2023-02-03 08:51:28.492775',1,NULL,0x00,NULL,NULL,18,NULL),(31,'2023-02-03 08:51:28.492775',0x00,'2023-02-03 08:51:28.492775',1,NULL,0x00,'http://192.168.0.11:7070/snc-vt-lead-ws',NULL,3,30),(32,'2023-02-03 08:51:28.492775',0x00,'2023-02-03 08:51:28.492775',1,NULL,0x00,NULL,NULL,19,NULL),(33,'2023-02-03 08:51:28.492775',0x00,'2023-02-03 08:51:28.492775',1,NULL,0x00,'https://desarrollo.emisuite.es',NULL,20,32),(34,'2023-02-03 08:51:28.492775',0x00,'2023-02-03 08:51:28.492775',1,NULL,0x00,'https://desarrollo.emisuite.es/snc-security-ws/ldap_authenticate',NULL,21,32),(35,'2023-02-03 08:51:28.492775',0x00,'2023-02-03 08:51:28.492775',1,NULL,0x00,'assets/login-bg.png',NULL,22,32),(36,'2023-02-03 08:51:28.492775',0x00,'2023-02-03 08:51:28.492775',1,NULL,0x00,'https://desarrollo.emisuite.es/snc-security-ws/authenticate',NULL,23,32),(37,'2023-02-03 08:51:28.492775',0x00,'2023-02-03 08:51:28.492775',1,NULL,0x00,'assets/company-logo.svg',NULL,24,32),(38,'2023-02-03 08:51:28.492775',0x00,'2023-02-03 08:51:28.492775',1,NULL,0x00,'https://desarrollo.emisuite.es/login',NULL,25,NULL),(39,'2023-02-03 08:51:28.492775',0x00,'2023-02-03 08:51:28.492775',1,NULL,0x00,NULL,NULL,26,NULL),(40,'2023-02-03 08:51:28.492775',0x00,'2023-02-03 08:51:28.492775',1,NULL,0x00,'https://desarrollo.emisuite.es/snc-notifications-api',NULL,3,39),(41,'2023-02-03 08:51:28.492775',0x00,'2023-02-03 08:51:28.492775',1,NULL,0x00,NULL,NULL,27,NULL),(42,'2023-02-03 08:51:28.492775',0x00,'2023-02-03 08:51:28.492775',1,NULL,0x00,'https://desarrollo.emisuite.es/snc-vt-master-api',NULL,3,41),(43,'2023-02-03 08:51:28.492775',0x00,'2023-02-03 08:51:28.492775',1,NULL,0x00,'1',NULL,28,41),(44,'2023-02-03 08:51:28.492775',0x00,'2023-02-03 08:51:28.492775',1,NULL,0x00,NULL,NULL,29,NULL),(45,'2023-02-03 08:51:28.492775',0x00,'2023-02-03 08:51:28.492775',1,NULL,0x00,'http://188.85.34.36:7081/snc-maflow-rejections-api',NULL,41,44),(46,'2023-02-03 08:51:28.492775',0x00,'2023-02-03 08:51:28.492775',1,NULL,0x00,'http://188.85.34.36:7081/snc-maf-api',NULL,31,44),(47,'2023-02-03 08:51:28.492775',0x00,'2023-02-03 08:51:28.492775',1,NULL,0x00,NULL,NULL,32,NULL),(48,'2023-02-03 08:51:28.492775',0x00,'2023-02-03 08:51:28.492775',1,NULL,0x00,'https://desarrollo.emisuite.es/snc-reports-api',NULL,3,47),(49,'2023-02-03 08:51:28.492775',0x00,'2023-02-03 08:51:28.492775',1,NULL,0x00,NULL,NULL,33,NULL),(50,'2023-02-03 08:51:28.492775',0x00,'2023-02-03 08:51:28.492775',1,NULL,0x00,'https://desarrollo.emisuite.es/snc-reporting-api',NULL,3,49),(51,'2023-02-03 08:51:28.492775',0x00,'2023-02-03 08:51:28.492775',1,NULL,0x00,'60',NULL,34,NULL),(52,'2023-02-03 08:51:28.492775',0x00,'2023-02-03 08:51:28.492775',1,NULL,0x00,NULL,NULL,35,NULL),(53,'2023-02-03 08:51:28.492775',0x00,'2023-02-03 08:51:28.492775',1,NULL,0x00,'http://192.168.0.11:8000',NULL,3,52),(54,'2023-02-03 08:51:28.492775',0x00,'2023-02-03 08:51:28.492775',1,NULL,0x00,NULL,NULL,36,NULL),(55,'2023-02-03 08:51:28.492775',0x00,'2023-02-03 08:51:28.492775',1,NULL,0x00,'notifier',NULL,37,54),(56,'2023-02-03 08:51:28.492775',0x00,'2023-02-03 08:51:28.492775',1,NULL,0x00,'https://emi.soincon.es/snc-vt-notifier',NULL,3,54),(57,'2023-02-03 08:51:28.492775',0x00,'2023-02-03 08:51:28.492775',1,NULL,0x00,'wss://desarrollo.emisuite.es:15673',NULL,38,54),(58,'2023-02-03 08:51:28.492775',0x00,'2023-02-03 08:51:28.492775',1,NULL,0x00,NULL,NULL,39,NULL),(59,'2023-02-03 08:51:28.492775',0x00,'2023-02-03 08:51:28.492775',1,NULL,0x00,'https://desarrollo.emisuite.es',NULL,3,58),(60,'2023-02-03 08:51:28.492775',0x00,'2023-02-03 08:51:28.492775',1,NULL,0x00,NULL,NULL,40,NULL),(61,'2023-02-03 08:51:28.492775',0x00,'2023-02-03 08:51:28.492775',1,NULL,0x00,'https://desarrollo.emisuite.es/snc-country-api',NULL,41,60),(62,'2023-02-03 08:51:28.492775',0x00,'2023-02-03 08:51:28.492775',1,NULL,0x00,NULL,2,42,NULL),(63,'2023-02-03 08:51:28.492775',0x00,'2023-02-03 08:51:28.492775',1,NULL,0x00,NULL,NULL,43,62),(64,'2023-02-03 08:51:28.492775',0x00,'2023-02-03 08:51:28.492775',1,NULL,0x00,'false',NULL,44,63),(65,'2023-02-03 08:51:28.492775',0x00,'2023-02-03 08:51:28.492775',1,NULL,0x00,'false',NULL,45,63),(66,'2023-02-03 08:51:28.492775',0x00,'2023-02-03 08:51:28.492775',1,NULL,0x00,'false',NULL,46,63),(67,'2023-02-03 08:51:28.492775',0x00,'2023-02-03 08:51:28.492775',1,NULL,0x00,'false',NULL,47,63),(68,'2023-02-03 08:51:28.492775',0x00,'2023-02-03 08:51:28.492775',1,NULL,0x00,NULL,NULL,48,62),(69,'2023-02-03 08:51:28.492775',0x00,'2023-02-03 08:51:28.492775',1,NULL,0x00,'true',NULL,49,68),(70,'2023-02-03 08:51:28.492775',0x00,'2023-02-03 08:51:28.492775',1,NULL,0x00,'true',NULL,50,68),(71,'2023-02-03 08:51:28.492775',0x00,'2023-02-03 08:51:28.492775',1,NULL,0x00,'true',NULL,51,68),(72,'2023-02-03 08:51:28.492775',0x00,'2023-02-03 08:51:28.492775',1,NULL,0x00,'true',NULL,52,68),(73,'2023-02-03 08:51:28.492775',0x00,'2023-02-03 08:51:28.492775',1,NULL,0x00,NULL,NULL,53,68),(74,'2023-02-03 08:51:28.492775',0x00,'2023-02-03 08:51:28.492775',1,NULL,0x00,'generateNewCodeDialog',NULL,54,73),(75,'2023-02-03 08:51:28.492775',0x00,'2023-02-03 08:51:28.492775',1,NULL,0x00,'https://desarrollo.emisuite.es/snc-mecaprec-code/generate',NULL,41,73),(76,'2023-02-03 08:51:28.492775',0x00,'2023-02-03 08:51:28.492775',1,NULL,0x00,NULL,NULL,55,62),(77,'2023-02-03 08:51:28.492775',0x00,'2023-02-03 08:51:28.492775',1,NULL,0x00,'true',NULL,56,76),(78,'2023-02-03 08:51:28.492775',0x00,'2023-02-03 08:51:28.492775',1,NULL,0x00,'false',NULL,57,76),(79,'2023-02-03 08:51:28.492775',0x00,'2023-02-03 08:51:28.492775',1,NULL,0x00,NULL,NULL,58,76),(80,'2023-02-03 08:51:28.492775',0x00,'2023-02-03 08:51:28.492775',1,NULL,0x00,'true',NULL,59,79),(81,'2023-02-03 08:51:28.492775',0x00,'2023-02-03 08:51:28.492775',1,NULL,0x00,'true',NULL,60,79),(82,'2023-02-03 08:51:28.492775',0x00,'2023-02-03 08:51:28.492775',1,NULL,0x00,'true',NULL,61,79),(83,'2023-02-03 08:51:28.492775',0x00,'2023-02-03 08:51:28.492775',1,NULL,0x00,'true',NULL,62,79),(84,'2023-02-03 08:51:28.492775',0x00,'2023-02-03 08:51:28.492775',1,NULL,0x00,'true',NULL,63,79),(85,'2023-02-03 08:51:28.492775',0x00,'2023-02-03 08:51:28.492775',1,NULL,0x00,NULL,NULL,64,76),(86,'2023-02-03 08:51:28.492775',0x00,'2023-02-03 08:51:28.492775',1,NULL,0x00,'true',NULL,65,85),(87,'2023-02-03 08:51:28.492775',0x00,'2023-02-03 08:51:28.492775',1,NULL,0x00,'true',NULL,66,85),(88,'2023-02-03 08:51:28.492775',0x00,'2023-02-03 08:51:28.492775',1,NULL,0x00,NULL,NULL,67,76),(89,'2023-02-03 08:51:28.492775',0x00,'2023-02-03 08:51:28.492775',1,NULL,0x00,'true',NULL,68,88),(90,'2023-02-03 08:51:28.492775',0x00,'2023-02-03 08:51:28.492775',1,NULL,0x00,'true',NULL,69,88),(91,'2023-02-03 08:51:28.492775',0x00,'2023-02-03 08:51:28.492775',1,NULL,0x00,'true',NULL,70,88),(92,'2023-02-03 08:51:28.492775',0x00,'2023-02-03 08:51:28.492775',1,NULL,0x00,'false',NULL,71,88),(93,'2023-02-03 08:51:28.492775',0x00,'2023-02-03 08:51:28.492775',1,NULL,0x00,'false',NULL,72,88),(94,'2023-02-03 08:51:28.492775',0x00,'2023-02-03 08:51:28.492775',1,NULL,0x00,NULL,NULL,73,76),(95,'2023-02-03 08:51:28.492775',0x00,'2023-02-03 08:51:28.492775',1,NULL,0x00,'true',NULL,74,94),(96,'2023-02-03 08:51:28.492775',0x00,'2023-02-03 08:51:28.492775',1,NULL,0x00,'true',NULL,75,94),(97,'2023-02-03 08:51:28.492775',0x00,'2023-02-03 08:51:28.492775',1,NULL,0x00,'true',NULL,76,94),(98,'2023-02-03 08:51:28.492775',0x00,'2023-02-03 08:51:28.492775',1,NULL,0x00,'true',NULL,77,94),(99,'2023-02-03 08:51:28.492775',0x00,'2023-02-03 08:51:28.492775',1,NULL,0x00,'true',NULL,78,94),(100,'2023-02-03 08:51:28.492775',0x00,'2023-02-03 08:51:28.492775',1,NULL,0x00,NULL,NULL,79,62),(101,'2023-02-03 08:51:28.492775',0x00,'2023-02-03 08:51:28.492775',1,NULL,0x00,NULL,NULL,80,62),(102,'2023-02-03 08:51:28.492775',0x00,'2023-02-03 08:51:28.492775',1,NULL,0x00,NULL,NULL,81,62),(103,'2023-02-03 08:51:28.492775',0x00,'2023-02-03 08:51:28.492775',1,NULL,0x00,'true',NULL,82,102),(104,'2023-02-03 08:51:28.492775',0x00,'2023-02-03 08:51:28.492775',1,NULL,0x00,'true',NULL,83,102),(105,'2023-02-03 08:51:28.492775',0x00,'2023-02-03 08:51:28.492775',1,NULL,0x00,'true',NULL,84,102),(106,'2023-02-03 08:51:28.492775',0x00,'2023-02-03 08:51:28.492775',1,NULL,0x00,'true',NULL,85,102),(107,'2023-02-03 08:51:28.492775',0x00,'2023-02-03 08:51:28.492775',1,NULL,0x00,'true',NULL,86,102),(108,'2023-02-03 08:51:28.492775',0x00,'2023-02-03 08:51:28.492775',1,NULL,0x00,'true',NULL,87,102),(109,'2023-02-03 08:51:28.492775',0x00,'2023-02-03 08:51:28.492775',1,NULL,0x00,'true',NULL,88,102),(110,'2023-02-03 08:51:28.492775',0x00,'2023-02-03 08:51:28.492775',1,NULL,0x00,'true',NULL,89,102),(111,'2023-02-03 08:51:28.492775',0x00,'2023-02-03 08:51:28.492775',1,NULL,0x00,'true',NULL,90,102),(112,'2023-02-03 08:51:28.492775',0x00,'2023-02-03 08:51:28.492775',1,NULL,0x00,'true',NULL,91,102),(113,'2023-02-03 08:51:28.492775',0x00,'2023-02-03 08:51:28.492775',1,NULL,0x00,NULL,NULL,92,62),(114,'2023-02-03 08:51:28.492775',0x00,'2023-02-03 08:51:28.492775',1,NULL,0x00,NULL,NULL,93,62),(115,'2023-02-03 08:51:28.492775',0x00,'2023-02-03 08:51:28.492775',1,NULL,0x00,NULL,NULL,94,62),(116,'2023-02-03 08:51:28.492775',0x00,'2023-02-03 08:51:28.492775',1,NULL,0x00,'15',NULL,95,115),(117,'2023-02-03 08:51:28.492775',0x00,'2023-02-03 08:51:28.492775',1,NULL,0x00,'false',NULL,96,115),(118,'2023-02-03 08:51:28.492775',0x00,'2023-02-03 08:51:28.492775',1,NULL,0x00,NULL,NULL,97,62),(119,'2023-02-03 08:51:28.492775',0x00,'2023-02-03 08:51:28.492775',1,NULL,0x00,'true',NULL,98,118),(120,'2023-02-03 08:51:28.492775',0x00,'2023-02-03 08:51:28.492775',1,NULL,0x00,'true',NULL,99,118),(121,'2023-02-03 08:51:28.492775',0x00,'2023-02-03 08:51:28.492775',1,NULL,0x00,'true',NULL,100,118),(122,'2023-02-03 08:51:28.492775',0x00,'2023-02-03 08:51:28.492775',1,NULL,0x00,'true',NULL,101,118),(123,'2023-02-03 08:51:28.492775',0x00,'2023-02-03 08:51:28.492775',1,NULL,0x00,'true',NULL,102,118),(124,'2023-02-03 08:51:28.492775',0x00,'2023-02-03 08:51:28.492775',1,NULL,0x00,'true',NULL,103,118),(125,'2023-02-03 08:51:28.492775',0x00,'2023-02-03 08:51:28.492775',1,NULL,0x00,NULL,NULL,104,62),(126,'2023-02-03 08:51:28.492775',0x00,'2023-02-03 08:51:28.492775',1,NULL,0x00,'false',NULL,105,125),(127,'2023-02-03 08:51:28.492775',0x00,'2023-02-03 08:51:28.492775',1,NULL,0x00,NULL,NULL,106,62),(128,'2023-02-03 08:51:28.492775',0x00,'2023-02-03 08:51:28.492775',1,NULL,0x00,'false',NULL,107,127),(129,'2023-02-03 08:51:28.492775',0x00,'2023-02-03 08:51:28.492775',1,NULL,0x00,NULL,NULL,108,62),(130,'2023-02-03 08:51:28.492775',0x00,'2023-02-03 08:51:28.492775',1,NULL,0x00,'DAY',NULL,109,129),(131,'2023-02-03 08:51:28.492775',0x00,'2023-02-03 08:51:28.492775',1,NULL,0x00,'50',NULL,110,129),(132,'2023-02-03 08:51:28.492775',0x00,'2023-02-03 08:51:28.492775',1,NULL,0x00,'true',NULL,111,129),(133,'2023-02-03 08:51:28.492775',0x00,'2023-02-03 08:51:28.492775',1,NULL,0x00,'false',NULL,112,129),(134,'2023-02-03 08:51:28.492775',0x00,'2023-02-03 08:51:28.492775',1,NULL,0x00,'true',NULL,113,129),(135,'2023-02-03 08:51:28.492775',0x00,'2023-02-03 08:51:28.492775',1,NULL,0x00,'true',NULL,114,129),(136,'2023-02-03 08:51:28.492775',0x00,'2023-02-03 08:51:28.492775',1,NULL,0x00,NULL,NULL,115,62),(137,'2023-02-03 08:51:28.492775',0x00,'2023-02-03 08:51:28.492775',1,NULL,0x00,'true',NULL,116,136),(138,'2023-02-03 08:51:28.492775',0x00,'2023-02-03 08:51:28.492775',1,NULL,0x00,NULL,NULL,117,62),(139,'2023-02-03 08:51:28.492775',0x00,'2023-02-03 08:51:28.492775',1,NULL,0x00,'true',NULL,118,138),(140,'2023-02-03 08:51:28.492775',0x00,'2023-02-03 08:51:28.492775',1,NULL,0x00,'true',NULL,119,138),(141,'2023-02-03 08:51:28.492775',0x00,'2023-02-03 08:51:28.492775',1,NULL,0x00,'STRICT_SPLITS',NULL,120,138),(142,'2023-02-03 08:51:28.492775',0x00,'2023-02-03 08:51:28.492775',1,NULL,0x00,'true',NULL,121,138),(143,'2023-02-03 08:51:28.492775',0x00,'2023-02-03 08:51:28.492775',1,NULL,0x00,NULL,NULL,122,138),(144,'2023-02-03 08:51:28.492775',0x00,'2023-02-03 08:51:28.492775',1,NULL,0x00,NULL,NULL,123,138),(145,'2023-02-03 08:51:28.492775',0x00,'2023-02-03 08:51:28.492775',1,NULL,0x00,'true',NULL,124,144),(146,'2023-02-03 08:51:28.492775',0x00,'2023-02-03 08:51:28.492775',1,NULL,0x00,'true',NULL,125,144),(147,'2023-02-03 08:51:28.492775',0x00,'2023-02-03 08:51:28.492775',1,NULL,0x00,'true',NULL,126,144),(148,'2023-02-03 08:51:28.492775',0x00,'2023-02-03 08:51:28.492775',1,NULL,0x00,'true',NULL,127,144),(149,'2023-02-03 08:51:28.492775',0x00,'2023-02-03 08:51:28.492775',1,NULL,0x00,'true',NULL,128,144),(150,'2023-02-03 08:51:28.492775',0x00,'2023-02-03 08:51:28.492775',1,NULL,0x00,'true',NULL,129,144),(151,'2023-02-03 08:51:28.492775',0x00,'2023-02-03 08:51:28.492775',1,NULL,0x00,'true',NULL,130,144),(154,'2023-02-03 08:51:28.492775',0x00,'2023-02-03 08:51:28.492775',1,NULL,0x00,'true',NULL,90,144),(155,'2023-02-03 08:51:28.492775',0x00,'2023-02-03 08:51:28.492775',1,NULL,0x00,'true',NULL,132,144),(156,'2023-02-03 08:51:28.492775',0x00,'2023-02-03 08:51:28.492775',1,NULL,0x00,'true',NULL,133,144),(157,'2023-02-03 08:51:28.492775',0x00,'2023-02-03 08:51:28.492775',1,NULL,0x00,'true',NULL,134,144),(158,'2023-02-03 08:51:28.492775',0x00,'2023-02-03 08:51:28.492775',1,NULL,0x00,'false',NULL,135,144),(159,'2023-02-03 08:51:28.492775',0x00,'2023-02-03 08:51:28.492775',1,NULL,0x00,NULL,NULL,136,138),(160,'2023-02-03 08:51:28.492775',0x00,'2023-02-03 08:51:28.492775',1,NULL,0x00,'true',NULL,124,159),(161,'2023-02-03 08:51:28.492775',0x00,'2023-02-03 08:51:28.492775',1,NULL,0x00,'true',NULL,125,159),(162,'2023-02-03 08:51:28.492775',0x00,'2023-02-03 08:51:28.492775',1,NULL,0x00,'true',NULL,137,159),(163,'2023-02-03 08:51:28.492775',0x00,'2023-02-03 08:51:28.492775',1,NULL,0x00,'true',NULL,138,159),(164,'2023-02-03 08:51:28.492775',0x00,'2023-02-03 08:51:28.492775',1,NULL,0x00,'true',NULL,139,159),(165,'2023-02-03 08:51:28.492775',0x00,'2023-02-03 08:51:28.492775',1,NULL,0x00,'true',NULL,126,159),(166,'2023-02-03 08:51:28.492775',0x00,'2023-02-03 08:51:28.492775',1,NULL,0x00,'true',NULL,127,159),(167,'2023-02-03 08:51:28.492775',0x00,'2023-02-03 08:51:28.492775',1,NULL,0x00,'true',NULL,128,159),(168,'2023-02-03 08:51:28.492775',0x00,'2023-02-03 08:51:28.492775',1,NULL,0x00,'true',NULL,129,159),(169,'2023-02-03 08:51:28.492775',0x00,'2023-02-03 08:51:28.492775',1,NULL,0x00,'true',NULL,130,159),(170,'2023-02-03 08:51:28.492775',0x00,'2023-02-03 08:51:28.492775',1,NULL,0x00,'true',NULL,90,159),(171,'2023-02-03 08:51:28.492775',0x00,'2023-02-03 08:51:28.492775',1,NULL,0x00,'true',NULL,132,159),(172,'2023-02-03 08:51:28.492775',0x00,'2023-02-03 08:51:28.492775',1,NULL,0x00,'true',NULL,133,159),(173,'2023-02-03 08:51:28.492775',0x00,'2023-02-03 08:51:28.492775',1,NULL,0x00,'true',NULL,140,159),(174,'2023-02-03 08:51:28.492775',0x00,'2023-02-03 08:51:28.492775',1,NULL,0x00,'true',NULL,141,159),(175,'2023-02-03 08:51:28.492775',0x00,'2023-02-03 08:51:28.492775',1,NULL,0x00,NULL,NULL,142,159),(176,'2023-02-03 08:51:28.492775',0x00,'2023-02-03 08:51:28.492775',1,NULL,0x00,'false',NULL,143,175),(177,'2023-02-03 08:51:28.492775',0x00,'2023-02-03 08:51:28.492775',1,NULL,0x00,'false',NULL,144,175),(178,'2023-02-03 08:51:28.492775',0x00,'2023-02-03 08:51:28.492775',1,NULL,0x00,'true',NULL,145,175),(179,'2023-02-03 08:51:28.492775',0x00,'2023-02-03 08:51:28.492775',1,NULL,0x00,'true',NULL,146,175),(180,'2023-02-03 08:51:28.492775',0x00,'2023-02-03 08:51:28.492775',1,NULL,0x00,'true',NULL,147,175),(181,'2023-02-03 08:51:28.492775',0x00,'2023-02-03 08:51:28.492775',1,NULL,0x00,'true',NULL,148,175),(182,'2023-02-03 08:51:28.492775',0x00,'2023-02-03 08:51:28.492775',1,NULL,0x00,NULL,NULL,149,175),(183,'2023-02-03 08:51:28.492775',0x00,'2023-05-25 10:17:24.942856',2,NULL,0x00,'20;17;19;16;14;13;12;15;18;21',NULL,150,182),(184,'2023-02-03 08:51:28.492775',0x00,'2023-05-25 10:12:44.770984',2,NULL,0x00,'V 01;V 02;V 03;V 04;V 05;V 06;V 07;V 08;V 09;V 10',NULL,151,182),(185,'2023-02-03 08:51:28.492775',0x00,'2023-02-03 08:51:28.492775',1,NULL,0x00,NULL,NULL,152,159),(186,'2023-02-03 08:51:28.492775',0x00,'2023-02-03 08:51:28.492775',1,NULL,0x00,'#b3cde0',NULL,153,185),(187,'2023-02-03 08:51:28.492775',0x00,'2023-02-03 08:51:28.492775',1,NULL,0x00,'#99cc33',NULL,154,185),(188,'2023-02-03 08:51:28.492775',0x00,'2023-02-03 08:51:28.492775',1,NULL,0x00,'#ffcc00',NULL,155,185),(189,'2023-02-03 08:51:28.492775',0x00,'2023-02-03 08:51:28.492775',1,NULL,0x00,'0',NULL,156,159),(190,'2023-02-03 08:51:28.492775',0x00,'2023-02-03 08:51:28.492775',1,NULL,0x00,'5',NULL,157,159),(191,'2023-02-03 08:51:28.492775',0x00,'2023-02-03 08:51:28.492775',1,NULL,0x00,'4;5',NULL,158,159),(192,'2023-02-03 08:51:28.492775',0x00,'2023-02-03 08:51:28.492775',1,NULL,0x00,'20',NULL,159,159),(193,'2023-02-03 08:51:28.492775',0x00,'2023-02-03 08:51:28.492775',1,NULL,0x00,'0',NULL,160,159),(194,'2023-02-03 08:51:28.492775',0x00,'2023-02-03 08:51:28.492775',1,NULL,0x00,'true',NULL,161,159),(195,'2023-02-03 08:51:28.492775',0x00,'2023-02-03 08:51:28.492775',1,NULL,0x00,'true',NULL,162,159),(196,'2023-02-03 08:51:28.492775',0x00,'2023-02-03 08:51:28.492775',1,NULL,0x00,'true',NULL,163,159),(197,'2023-02-03 08:51:28.492775',0x00,'2023-02-03 08:51:28.492775',1,NULL,0x00,'FUSHIMA',NULL,164,159),(198,'2023-02-03 08:51:28.492775',0x00,'2023-02-03 08:51:28.492775',1,NULL,0x00,'true',NULL,165,159),(199,'2023-02-03 08:51:28.492775',0x00,'2023-02-03 08:51:28.492775',1,NULL,0x00,'true',NULL,166,159),(200,'2023-02-03 08:51:28.492775',0x00,'2023-02-03 08:51:28.492775',1,NULL,0x00,'true',NULL,167,159),(201,'2023-02-03 08:51:28.492775',0x00,'2023-02-03 08:51:28.492775',1,NULL,0x00,'true',NULL,168,159),(202,'2023-02-03 08:51:28.492775',0x00,'2023-02-03 08:51:28.492775',1,NULL,0x00,'false',NULL,169,159),(203,'2023-02-03 08:51:28.492775',0x00,'2023-02-03 08:51:28.492775',1,NULL,0x00,'true',NULL,170,159),(204,'2023-02-03 08:51:28.492775',0x00,'2023-02-03 08:51:28.492775',1,NULL,0x00,'1500',NULL,171,159),(205,'2023-02-03 08:51:28.492775',0x00,'2023-02-03 08:51:28.492775',1,NULL,0x00,'true',NULL,172,159),(206,'2023-02-03 08:51:28.492775',0x00,'2023-02-03 08:51:28.492775',1,NULL,0x00,'true',NULL,173,159),(207,'2023-02-03 08:51:28.492775',0x00,'2023-02-03 08:51:28.492775',1,NULL,0x00,'true',NULL,174,159),(208,'2023-02-03 08:51:28.492775',0x00,'2023-02-03 08:51:28.492775',1,NULL,0x00,'true',NULL,175,159),(209,'2023-02-03 08:51:28.492775',0x00,'2023-02-03 08:51:28.492775',1,NULL,0x00,'/assets/VT-03.png',NULL,176,159),(210,'2023-02-03 08:51:28.492775',0x00,'2023-02-03 08:51:28.492775',1,NULL,0x00,NULL,NULL,177,159),(211,'2023-02-03 08:51:28.492775',0x00,'2023-02-03 08:51:28.492775',1,NULL,0x00,'true',NULL,178,210),(212,'2023-02-03 08:51:28.492775',0x00,'2023-02-03 08:51:28.492775',1,NULL,0x00,'true',NULL,179,210),(213,'2023-02-03 08:51:28.492775',0x00,'2023-02-03 08:51:28.492775',1,NULL,0x00,'true',NULL,180,210),(214,'2023-02-03 08:51:28.492775',0x00,'2023-02-03 08:51:28.492775',1,NULL,0x00,'true',NULL,181,210),(215,'2023-02-03 08:51:28.492775',0x00,'2023-02-03 08:51:28.492775',1,NULL,0x00,'true',NULL,182,210),(216,'2023-02-03 08:51:28.492775',0x00,'2023-02-03 08:51:28.492775',1,NULL,0x00,'true',NULL,183,210),(217,'2023-02-03 08:51:28.492775',0x00,'2023-02-03 08:51:28.492775',1,NULL,0x00,'true',NULL,184,210),(218,'2023-02-03 08:51:28.492775',0x00,'2023-02-03 08:51:28.492775',1,NULL,0x00,'INDIVIDUAL',NULL,185,159),(219,'2023-02-03 08:51:28.492775',0x00,'2023-02-03 08:51:28.492775',1,NULL,0x00,'false',NULL,186,159),(220,'2023-02-03 08:51:28.492775',0x00,'2023-02-03 08:51:28.492775',1,NULL,0x00,'false',NULL,187,159),(221,'2023-02-03 08:51:28.492775',0x00,'2023-02-03 08:51:28.492775',1,NULL,0x00,NULL,NULL,188,159),(222,'2023-02-03 08:51:28.492775',0x00,'2023-02-03 08:51:28.492775',1,NULL,0x00,'true',NULL,141,221),(223,'2023-02-03 08:51:28.492775',0x00,'2023-02-03 08:51:28.492775',1,NULL,0x00,NULL,NULL,190,159),(224,'2023-02-03 08:51:28.492775',0x00,'2023-02-03 08:51:28.492775',1,NULL,0x00,'true',NULL,141,223),(225,'2023-02-03 08:51:28.492775',0x00,'2023-02-03 08:51:28.492775',1,NULL,0x00,'true',NULL,191,159),(226,'2023-02-03 08:51:28.492775',0x00,'2023-02-03 08:51:28.492775',1,NULL,0x00,'false',NULL,192,159),(227,'2023-02-03 08:51:28.492775',0x00,'2023-02-03 08:51:28.492775',1,NULL,0x00,'true',NULL,193,159),(228,'2023-02-03 08:51:28.492775',0x00,'2023-02-03 08:51:28.492775',1,NULL,0x00,'true',NULL,194,159),(229,'2023-02-03 08:51:28.492775',0x00,'2023-02-03 08:51:28.492775',1,NULL,0x00,'STEP;SPLIT;LAST_HOUR',NULL,195,159),(230,'2023-02-03 08:51:28.492775',0x00,'2023-02-03 08:51:28.492775',1,NULL,0x00,'true',NULL,202,159),(231,'2023-02-03 08:51:28.492775',0x00,'2023-02-03 08:51:28.492775',1,NULL,0x00,NULL,NULL,197,138),(232,'2023-02-03 08:51:28.492775',0x00,'2023-02-03 08:51:28.492775',1,NULL,0x00,'true',NULL,128,231),(233,'2023-02-03 08:51:28.492775',0x00,'2023-02-03 08:51:28.492775',1,NULL,0x00,'true',NULL,130,231),(234,'2023-02-03 08:51:28.492775',0x00,'2023-02-03 08:51:28.492775',1,NULL,0x00,'true',NULL,90,231),(235,'2023-02-03 08:51:28.492775',0x00,'2023-02-03 08:51:28.492775',1,NULL,0x00,'true',NULL,132,231),(236,'2023-02-03 08:51:28.492775',0x00,'2023-02-03 08:51:28.492775',1,NULL,0x00,'true',NULL,125,231),(237,'2023-02-03 08:51:28.492775',0x00,'2023-02-03 08:51:28.492775',1,NULL,0x00,'true',NULL,126,231),(238,'2023-02-03 08:51:28.492775',0x00,'2023-02-03 08:51:28.492775',1,NULL,0x00,'true',NULL,141,231),(239,'2023-02-03 08:51:28.492775',0x00,'2023-02-03 08:51:28.492775',1,NULL,0x00,NULL,NULL,198,62),(240,'2023-02-03 08:51:28.492775',0x00,'2023-02-03 08:51:28.492775',1,NULL,0x00,'true',NULL,199,239),(241,'2023-02-03 08:51:28.492775',0x00,'2023-02-03 08:51:28.492775',1,NULL,0x00,'true',NULL,200,239),(242,'2023-02-03 08:51:28.492775',0x00,'2023-02-03 08:51:28.492775',1,NULL,0x00,'true',NULL,201,239),(243,'2023-02-03 08:51:28.492775',0x00,'2023-02-03 08:51:28.492775',1,NULL,0x00,NULL,3,203,NULL),(244,'2023-02-03 08:51:28.492775',0x00,'2023-02-03 08:51:28.492775',1,NULL,0x00,'https://desarrollo.emisuite.es/snc-eg-api',NULL,41,243),(245,'2023-02-03 08:51:28.492775',0x00,'2023-02-03 08:51:28.492775',1,NULL,0x00,'https://desarrollo.emisuite.es/easy-gmao/operator/new-task',NULL,204,243),(246,'2023-02-03 08:51:28.492775',0x00,'2023-02-03 08:51:28.492775',1,NULL,0x00,'https://desarrollo.emisuite.es/easy-gmao/operator/history',NULL,205,243),(247,'2023-02-03 08:51:28.492775',0x00,'2023-02-03 08:51:28.492775',1,NULL,0x00,'true',NULL,206,243),(248,'2023-02-03 08:51:28.492775',0x00,'2023-02-03 08:51:28.492775',1,NULL,0x00,'1',NULL,207,243),(249,'2023-02-03 08:51:28.492775',0x00,'2023-02-03 08:51:28.492775',1,NULL,0x00,'6d44b088-2324-4afd-b186-514f150205cb',NULL,208,243),(250,'2023-02-03 08:51:28.492775',0x00,'2023-02-03 08:51:28.492775',1,NULL,0x00,'100;101;102',NULL,209,243),(251,'2023-02-03 08:51:28.492775',0x00,'2023-02-03 08:51:28.492775',1,NULL,0x00,'true',NULL,210,243),(252,'2023-02-03 08:51:28.492775',0x00,'2023-02-03 08:51:28.492775',1,NULL,0x00,'true',NULL,211,243),(253,'2023-02-03 08:51:28.492775',0x00,'2023-02-03 08:51:28.492775',1,NULL,0x00,'true',NULL,212,243),(254,'2023-02-03 08:51:28.492775',0x00,'2023-02-03 08:51:28.492775',1,NULL,0x00,'true',NULL,213,243),(255,'2023-02-03 08:51:28.492775',0x00,'2023-02-03 08:51:28.492775',1,NULL,0x00,'true',NULL,214,243),(256,'2023-02-03 08:51:28.492775',0x00,'2023-02-03 08:51:28.492775',1,NULL,0x00,'true',NULL,215,243),(257,'2023-02-03 08:51:28.492775',0x00,'2023-02-03 08:51:28.492775',1,NULL,0x00,'true',NULL,216,243),(258,'2023-02-03 08:51:28.492775',0x00,'2023-02-03 08:51:28.492775',1,NULL,0x00,'true',NULL,217,243),(259,'2023-02-03 08:51:28.492775',0x00,'2023-02-03 08:51:28.492775',1,NULL,0x00,'6',NULL,218,243),(260,'2023-02-03 08:51:28.492775',0x00,'2023-02-03 08:51:28.492775',1,NULL,0x00,NULL,NULL,219,243),(261,'2023-02-03 08:51:28.492775',0x00,'2023-02-03 08:51:28.492775',1,NULL,0x00,'FACTORY;SECTION;COMMAND_CENTER;PRODUCTION_LINE_GENERIC;WORKSTATION_GENERIC;MACHINE_GENERIC;LUMINARIE;TOOL_GENERIC;MOLD',NULL,256,260),(262,'2023-02-03 08:51:28.492775',0x00,'2023-02-03 08:51:28.492775',1,NULL,0x00,'true;true;true;true;true;true;true;true;true',NULL,257,260),(263,'2023-02-03 08:51:28.492775',0x00,'2023-02-03 08:51:28.492775',1,NULL,0x00,'110;111;131;132',NULL,220,243),(264,'2023-02-03 08:51:28.492775',0x00,'2023-02-03 08:51:28.492775',1,NULL,0x00,'11',NULL,221,243),(265,'2023-02-03 08:51:28.492775',0x00,'2023-02-03 08:51:28.492775',1,NULL,0x00,NULL,7,258,NULL),(266,'2023-02-03 08:51:28.492775',0x00,'2023-02-03 08:51:28.492775',1,NULL,0x00,'3',NULL,221,265),(267,'2023-02-03 08:51:28.492775',0x00,'2023-02-03 08:51:28.492775',1,NULL,0x00,'1',NULL,222,265),(268,'2023-02-03 08:51:28.492775',0x00,'2023-02-03 08:51:28.492775',1,NULL,0x00,'https://desarrollo.emisuite.es/snc-launcher-api',NULL,41,265),(269,'2023-02-03 08:51:28.492775',0x00,'2023-02-03 08:51:28.492775',1,NULL,0x00,'true',NULL,223,265),(270,'2023-02-03 08:51:28.492775',0x00,'2023-02-03 08:51:28.492775',1,NULL,0x00,'true',NULL,224,265),(271,'2023-02-03 08:51:28.492775',0x00,'2023-02-03 08:51:28.492775',1,NULL,0x00,NULL,4,225,NULL),(272,'2023-02-03 08:51:28.492775',0x00,'2023-02-03 08:51:28.492775',1,NULL,0x00,'https://desarrollo.emisuite.es/snc-mf-api',NULL,41,271),(273,'2023-02-03 08:51:28.492775',0x00,'2023-02-03 08:51:28.492775',1,NULL,0x00,'true',NULL,226,271),(274,'2023-02-03 08:51:28.492775',0x00,'2023-02-03 08:51:28.492775',1,NULL,0x00,'1',NULL,227,271),(275,'2023-02-03 08:51:28.492775',0x00,'2023-02-03 08:51:28.492775',1,NULL,0x00,NULL,5,228,NULL),(276,'2023-02-03 08:51:28.492775',0x00,'2023-02-03 08:51:28.492775',1,NULL,0x00,'https://desarrollo.emisuite.es/snc-dp-api',NULL,41,275),(277,'2023-02-03 08:51:28.492775',0x00,'2023-02-03 08:51:28.492775',1,NULL,0x00,NULL,NULL,229,275),(278,'2023-02-03 08:51:28.492775',0x00,'2023-02-03 08:51:28.492775',1,NULL,0x00,'week',NULL,230,277),(279,'2023-02-03 08:51:28.492775',0x00,'2023-02-03 08:51:28.492775',1,NULL,0x00,NULL,6,231,NULL),(280,'2023-02-03 08:51:28.492775',0x00,'2023-02-03 08:51:28.492775',1,NULL,0x00,'1',NULL,232,279),(281,'2023-02-03 08:51:28.492775',0x00,'2023-02-03 08:51:28.492775',1,NULL,0x00,'1',NULL,233,279),(282,'2023-02-03 08:51:28.492775',0x00,'2023-02-03 08:51:28.492775',1,NULL,0x00,'https://desarrollo.emisuite.es/snc-att-mgt-ws',NULL,41,279),(283,'2023-02-03 08:51:28.492775',0x00,'2023-02-03 08:51:28.492775',1,NULL,0x00,'78',NULL,234,279),(284,'2023-02-03 08:51:28.492775',0x00,'2023-02-03 08:51:28.492775',1,NULL,0x00,NULL,8,235,NULL),(285,'2023-02-03 08:51:28.492775',0x00,'2023-02-03 08:51:28.492775',1,NULL,0x00,'https://desarrollo.emisuite.es/snc-mom-api',NULL,41,284),(286,'2023-02-03 08:51:28.492775',0x00,'2023-02-03 08:51:28.492775',1,NULL,0x00,NULL,9,236,NULL),(287,'2023-02-03 08:51:28.492775',0x00,'2023-02-03 08:51:28.492775',1,NULL,0x00,'9',NULL,221,286),(288,'2023-02-03 08:51:28.492775',0x00,'2023-02-03 08:51:28.492775',1,NULL,0x00,'https://desarrollo.emisuite.es/snc-vs-api',NULL,41,286),(289,'2023-02-03 08:51:28.492775',0x00,'2023-02-03 08:51:28.492775',1,NULL,0x00,'true',NULL,237,286),(290,'2023-02-03 08:51:28.492775',0x00,'2023-02-03 08:51:28.492775',1,NULL,0x00,'false',NULL,238,286),(291,'2023-02-03 08:51:28.492775',0x00,'2023-02-03 08:51:28.492775',1,NULL,0x00,'false',NULL,239,286),(292,'2023-02-03 08:51:28.492775',0x00,'2023-02-03 08:51:28.492775',1,NULL,0x00,'false',NULL,240,286),(293,'2023-02-03 08:51:28.492775',0x00,'2023-02-03 08:51:28.492775',1,NULL,0x00,NULL,NULL,241,286),(294,'2023-02-03 08:51:28.492775',0x00,'2023-02-03 08:51:28.492775',1,NULL,0x00,'REQUESTED',NULL,242,293),(295,'2023-02-03 08:51:28.492775',0x00,'2023-02-03 08:51:28.492775',1,NULL,0x00,'WITHOUT_STOCK;RECEIVED',NULL,243,293),(296,'2023-02-03 08:51:28.492775',0x00,'2023-02-03 08:51:28.492775',1,NULL,0x00,'WITHOUT_STOCK;REQUESTED;PACKED',NULL,244,293),(297,'2023-02-03 08:51:28.492775',0x00,'2023-02-03 08:51:28.492775',1,NULL,0x00,'RECEIVED;SHIPPED',NULL,245,293),(298,'2023-02-03 08:51:28.492775',0x00,'2023-02-03 08:51:28.492775',1,NULL,0x00,'PACKED',NULL,246,293),(299,'2023-02-03 08:51:28.492775',0x00,'2023-02-03 08:51:28.492775',1,NULL,0x00,NULL,NULL,247,293),(300,'2023-02-03 08:51:28.492775',0x00,'2023-02-03 08:51:28.492775',1,NULL,0x00,NULL,NULL,248,293),(301,'2023-02-03 08:51:28.492775',0x00,'2023-02-03 08:51:28.492775',1,NULL,0x00,NULL,10,249,NULL),(302,'2023-02-03 08:51:28.492775',0x00,'2023-02-03 08:51:28.492775',1,NULL,0x00,'https://desarrollo.emisuite.es/vt-lite-api',NULL,41,301),(303,'2023-02-03 08:51:28.492775',0x00,'2023-02-03 08:51:28.492775',1,NULL,0x00,NULL,11,250,NULL),(304,'2023-02-03 08:51:28.492775',0x00,'2023-02-03 08:51:28.492775',1,NULL,0x00,'http://172.27.0.85:8000',NULL,251,303),(305,'2023-02-03 08:51:28.492775',0x00,'2023-02-03 08:51:28.492775',1,NULL,0x01,NULL,NULL,252,NULL),(306,'2023-02-03 08:51:28.492775',0x00,'2023-02-08 12:05:34.067741',2,NULL,0x01,'ffdf',NULL,41,305),(307,'2023-02-03 08:51:28.492775',0x00,'2023-02-03 08:51:28.492775',1,NULL,0x00,NULL,13,253,NULL),(308,'2023-02-03 08:51:28.492775',0x00,'2023-02-03 08:51:28.492775',1,NULL,0x00,'e9e56f3f6ba12f535ba69c4efc169ee82928b20e5b240d5fa88dbe07f4c34fc6',NULL,254,307),(309,'2023-02-03 08:51:28.492775',0x00,'2023-02-03 08:51:28.492775',1,NULL,0x00,'1',NULL,255,307),(310,'2023-05-30 08:37:06.976792',0x00,'2023-05-30 08:37:06.976792',1,NULL,0x00,'https://desarrollo.emisuite.es',NULL,3,29),(311,'2023-05-30 08:42:23.132990',0x00,'2023-05-30 08:42:23.132990',1,NULL,0x00,'https://desarrollo.emisuite.es',NULL,3,24),(362,'2024-08-05 06:40:53.154482',0x00,'2024-08-05 06:40:53.154482',1,'testR',0x00,'test',NULL,281,NULL),(363,'2024-08-05 06:54:54.753494',0x00,'2024-08-05 06:54:54.753494',1,'testN',0x00,'test',NULL,281,NULL);
/*!40000 ALTER TABLE `config` ENABLE KEYS */;
UNLOCK TABLES;

--
-- Dumping events for database 'config'
--

--
-- Dumping routines for database 'config'
--
/*!40103 SET TIME_ZONE=@OLD_TIME_ZONE */;

/*!40101 SET SQL_MODE=@OLD_SQL_MODE */;
/*!40014 SET FOREIGN_KEY_CHECKS=@OLD_FOREIGN_KEY_CHECKS */;
/*!40014 SET UNIQUE_CHECKS=@OLD_UNIQUE_CHECKS */;
/*!40101 SET CHARACTER_SET_CLIENT=@OLD_CHARACTER_SET_CLIENT */;
/*!40101 SET CHARACTER_SET_RESULTS=@OLD_CHARACTER_SET_RESULTS */;
/*!40101 SET COLLATION_CONNECTION=@OLD_COLLATION_CONNECTION */;
/*!40111 SET SQL_NOTES=@OLD_SQL_NOTES */;

-- Dump completed on 2024-11-13 14:39:54
